Video Title,Comment
"S24보다 좋은데 30만 원 저렴하다?!갤럭시 A55 vs S24 내돈내산 끝장비교, 추천까지!(외관, 디스플레이, 배터리, 카메라, 성능, 수리비)"," 전환지원금 50만원 받고 새 폰으로 바꾸자!
(일부 지역은 당일 수령 가능!)
https://bit.ly/4i6Tsff


 2024년 TOP3 정수기! 최대 30만원 지원금 받고 공짜로 쓰자!


 놓치면 손해! 인터넷TV 최대  48만원 비밀 지원금 확인 하기!


 이사 중 파손 최대 1,000만원 보상! 무료 견적, 체크리스트 챙기자!"
"S24보다 좋은데 30만 원 저렴하다?!갤럭시 A55 vs S24 내돈내산 끝장비교, 추천까지!(외관, 디스플레이, 배터리, 카메라, 성능, 수리비)","좋은정보도, 아나운서님 멘트도 좋네요"
"S24보다 좋은데 30만 원 저렴하다?!갤럭시 A55 vs S24 내돈내산 끝장비교, 추천까지!(외관, 디스플레이, 배터리, 카메라, 성능, 수리비)",심층적인 분석 감사합니다
"S24보다 좋은데 30만 원 저렴하다?!갤럭시 A55 vs S24 내돈내산 끝장비교, 추천까지!(외관, 디스플레이, 배터리, 카메라, 성능, 수리비)",오늘도 좋은 정보 너무 감사합니다.
"S24보다 좋은데 30만 원 저렴하다?!갤럭시 A55 vs S24 내돈내산 끝장비교, 추천까지!(외관, 디스플레이, 배터리, 카메라, 성능, 수리비)",워낙 성능 상향되서 보급형도 이제는 꽤괜인거같움!!
"S24보다 좋은데 30만 원 저렴하다?!갤럭시 A55 vs S24 내돈내산 끝장비교, 추천까지!(외관, 디스플레이, 배터리, 카메라, 성능, 수리비)",보급형인데 S24 비비는거 보면 S25랑 비교해봐야겠다
"S24보다 좋은데 30만 원 저렴하다?!갤럭시 A55 vs S24 내돈내산 끝장비교, 추천까지!(외관, 디스플레이, 배터리, 카메라, 성능, 수리비)","s는 시리즈 내 폰들의 차이를 늘리려고 배터리도 줄이고, 다양한 걸 s24에선 볼 수 없네요.
그래도 덕분에 우린 a시리즈에서 좋은 기능을 이용할 수 있는 거 아니겠어요!!"
"S24보다 좋은데 30만 원 저렴하다?!갤럭시 A55 vs S24 내돈내산 끝장비교, 추천까지!(외관, 디스플레이, 배터리, 카메라, 성능, 수리비)","In the US, you can not even resale a55 for price reduction when the next phone buying."
"S24보다 좋은데 30만 원 저렴하다?!갤럭시 A55 vs S24 내돈내산 끝장비교, 추천까지!(외관, 디스플레이, 배터리, 카메라, 성능, 수리비)",음질비교가 없는게 아쉽네요 사운드도 구매기준 중 하나인데
"S24보다 좋은데 30만 원 저렴하다?!갤럭시 A55 vs S24 내돈내산 끝장비교, 추천까지!(외관, 디스플레이, 배터리, 카메라, 성능, 수리비)",템퍼링에 대해 어떻게 생각하시나요
"S24보다 좋은데 30만 원 저렴하다?!갤럭시 A55 vs S24 내돈내산 끝장비교, 추천까지!(외관, 디스플레이, 배터리, 카메라, 성능, 수리비)",역시 A55야~ 잘 뽑혔네
"S24보다 좋은데 30만 원 저렴하다?!갤럭시 A55 vs S24 내돈내산 끝장비교, 추천까지!(외관, 디스플레이, 배터리, 카메라, 성능, 수리비)",a시리즈로 점유율 유지는 하고있지만 동시에 브랜드 가치도 떨어트리는 것 같음 s시리즈 살 이유가 일반유저한테는 적어져서
"S24보다 좋은데 30만 원 저렴하다?!갤럭시 A55 vs S24 내돈내산 끝장비교, 추천까지!(외관, 디스플레이, 배터리, 카메라, 성능, 수리비)",작은폰쓰고싶은데 갤럭시 써야하니 A시리즈는 메리트가 없네요
"S24보다 좋은데 30만 원 저렴하다?!갤럭시 A55 vs S24 내돈내산 끝장비교, 추천까지!(외관, 디스플레이, 배터리, 카메라, 성능, 수리비)",A55 잘 뽑긴했는데 통신사 전용인거는 좀 아쉽긴하넹..
"S24보다 좋은데 30만 원 저렴하다?!갤럭시 A55 vs S24 내돈내산 끝장비교, 추천까지!(외관, 디스플레이, 배터리, 카메라, 성능, 수리비)",결론 : 가성비는 A55가 좋다. 카메라랑 성능에 목 매달지만 않는다면...
"S24보다 좋은데 30만 원 저렴하다?!갤럭시 A55 vs S24 내돈내산 끝장비교, 추천까지!(외관, 디스플레이, 배터리, 카메라, 성능, 수리비)","0:45 잠만 슈퍼amoled면
그 전설의 M7 셀비아?"
"S24보다 좋은데 30만 원 저렴하다?!갤럭시 A55 vs S24 내돈내산 끝장비교, 추천까지!(외관, 디스플레이, 배터리, 카메라, 성능, 수리비)",그냥 딱 가성비인거다... 성능차이는 엄연히 있는거고 자신의 사용빈도에 맞는폰을 쓰는거다 그게 현명한 소비자인거고
"S24보다 좋은데 30만 원 저렴하다?!갤럭시 A55 vs S24 내돈내산 끝장비교, 추천까지!(외관, 디스플레이, 배터리, 카메라, 성능, 수리비)",진짜 1tb sd메모리카드 들어가는건 넘사벽
"S24보다 좋은데 30만 원 저렴하다?!갤럭시 A55 vs S24 내돈내산 끝장비교, 추천까지!(외관, 디스플레이, 배터리, 카메라, 성능, 수리비)","A55 해외판 8+128 ₩390,060 / 8+256 ₩439,020 / 12+256 ₩559,260"
"S24보다 좋은데 30만 원 저렴하다?!갤럭시 A55 vs S24 내돈내산 끝장비교, 추천까지!(외관, 디스플레이, 배터리, 카메라, 성능, 수리비)",무선 안 되면 보조베터리 쓰면 되지
"S24보다 좋은데 30만 원 저렴하다?!갤럭시 A55 vs S24 내돈내산 끝장비교, 추천까지!(외관, 디스플레이, 배터리, 카메라, 성능, 수리비)",오..S24랑 비교해도 안꿀리네...
"S24보다 좋은데 30만 원 저렴하다?!갤럭시 A55 vs S24 내돈내산 끝장비교, 추천까지!(외관, 디스플레이, 배터리, 카메라, 성능, 수리비)",꽤 괜찮네요?
"S24보다 좋은데 30만 원 저렴하다?!갤럭시 A55 vs S24 내돈내산 끝장비교, 추천까지!(외관, 디스플레이, 배터리, 카메라, 성능, 수리비)","가볍게 멀티미디어용으로 사용할목적으로 A55  직구해서 사용한지 어언 7개월정도되었는데 진짜 무거워서 손목너무아픔 가방에 넣어 다닐거 아니면 여성분들이나 손목 안좋으신분들에게  
비추"
"S24보다 좋은데 30만 원 저렴하다?!갤럭시 A55 vs S24 내돈내산 끝장비교, 추천까지!(외관, 디스플레이, 배터리, 카메라, 성능, 수리비)","이정도 안내놓으면 중국폰이랑 경쟁이 안돼니
삼성이 내놓고싶어서 내놓는 라인업은 아니지"
"S24보다 좋은데 30만 원 저렴하다?!갤럭시 A55 vs S24 내돈내산 끝장비교, 추천까지!(외관, 디스플레이, 배터리, 카메라, 성능, 수리비)",가성비로는 저만한게 없긴 하네ㅋㅋㅋ
"S24보다 좋은데 30만 원 저렴하다?!갤럭시 A55 vs S24 내돈내산 끝장비교, 추천까지!(외관, 디스플레이, 배터리, 카메라, 성능, 수리비)",자급제가 없다니...
"S24보다 좋은데 30만 원 저렴하다?!갤럭시 A55 vs S24 내돈내산 끝장비교, 추천까지!(외관, 디스플레이, 배터리, 카메라, 성능, 수리비)",솔직히 디자인도 비슷해서 이제 보급형 느낌이 거의 없네용ㅋㅋㅋㅋ
"S24보다 좋은데 30만 원 저렴하다?!갤럭시 A55 vs S24 내돈내산 끝장비교, 추천까지!(외관, 디스플레이, 배터리, 카메라, 성능, 수리비)",무선충전만 빼고
"S24보다 좋은데 30만 원 저렴하다?!갤럭시 A55 vs S24 내돈내산 끝장비교, 추천까지!(외관, 디스플레이, 배터리, 카메라, 성능, 수리비)",잘 뽀ㅃ혔는데 통신사 전용은 좀 아쉽..
"S24보다 좋은데 30만 원 저렴하다?!갤럭시 A55 vs S24 내돈내산 끝장비교, 추천까지!(외관, 디스플레이, 배터리, 카메라, 성능, 수리비)",아24 산지 한달밖에 안 지났는데.. 생각보다 괜찮아서 돈 날린 기분ㅋㅋㅋㅋㅋ
"S24보다 좋은데 30만 원 저렴하다?!갤럭시 A55 vs S24 내돈내산 끝장비교, 추천까지!(외관, 디스플레이, 배터리, 카메라, 성능, 수리비)","이러나 저러나....국내 소비자는 기업 돈 벌어주는 호구 노릇 밖에 안된다는 생각이...
해외 제품은 사양도 훨 높은데 가격은 더 저렴....국내 소비자만 호구.."
"S24보다 좋은데 30만 원 저렴하다?!갤럭시 A55 vs S24 내돈내산 끝장비교, 추천까지!(외관, 디스플레이, 배터리, 카메라, 성능, 수리비)",배터리 충전속도 난감하네
"S24보다 좋은데 30만 원 저렴하다?!갤럭시 A55 vs S24 내돈내산 끝장비교, 추천까지!(외관, 디스플레이, 배터리, 카메라, 성능, 수리비)",삼성 엑시노스 1480 Mobile Processor ㅋㅋㅋㅋㅋㅋㅋ
"S24보다 좋은데 30만 원 저렴하다?!갤럭시 A55 vs S24 내돈내산 끝장비교, 추천까지!(외관, 디스플레이, 배터리, 카메라, 성능, 수리비)","자급제로 안내는건 정말 짜치네
게다가 해외는 20만원이 저렴하고
이러니 사람들이 삼성폰을 응원하지않는거야
자업자득"
"S24보다 좋은데 30만 원 저렴하다?!갤럭시 A55 vs S24 내돈내산 끝장비교, 추천까지!(외관, 디스플레이, 배터리, 카메라, 성능, 수리비)",S24+ > S24FE > A55(퀀텀5) > A35
"S24보다 좋은데 30만 원 저렴하다?!갤럭시 A55 vs S24 내돈내산 끝장비교, 추천까지!(외관, 디스플레이, 배터리, 카메라, 성능, 수리비)",솔직히 접사는 의미없는 기능이라 생각함 500만화소 접사는 장난감 그 이상 이하도 아닌...
소신발언 해볼게요... 갤럭시 S24 FE 2주 실사용 장단점 리뷰,"여러분들은 어떻게 생각하는 지 댓글로 마구마구 달아주세요!!

◇ 11월 아이패드 미니7 구독자 이벤트 링크
https://forms.gle/RnGUQ6fmsxgVdxaJA"
소신발언 해볼게요... 갤럭시 S24 FE 2주 실사용 장단점 리뷰,S시리즈인데 베젤은 두꺼워도 상하좌우베젤은 맞춰주는게 맞지…
소신발언 해볼게요... 갤럭시 S24 FE 2주 실사용 장단점 리뷰,진짜 베젤이 두껍더라도 상하좌우 균형은 좀 맞춰주지..S라면서 A처럼 내놓는건 뭔지.. Fan edition라는 네이밍을 떼고 차라리 A55위의 A65나 75라 붙이는게 맞을듯.. 리뷰 잘 보았습니다  감사합니다 ^^
소신발언 해볼게요... 갤럭시 S24 FE 2주 실사용 장단점 리뷰,"fe의 장점이자 강점은 A와 S 사이에 끼어서 성능도 가격도 어중간하다는 것
누군가에겐 필요한 영역일 수 있겠지만.... 너무 애매하다
A만 사도 어지간한 성능은 다 뽑아내고
성능이 필요한 사람은 돈 더 주고 S 사는게 정답이다"
소신발언 해볼게요... 갤럭시 S24 FE 2주 실사용 장단점 리뷰,갤럭시FE 시리즈 모델은상하좌우 베젤이랑 전면센써랑 발열 이랑 배터리 용랑이랑 밝기 좀 개선이 시급 합니다 이려한 문제점이 시급 합니다.
소신발언 해볼게요... 갤럭시 S24 FE 2주 실사용 장단점 리뷰,이제 S25 FE 때 부터는 가격동결 혹은 100만원 언더로하고 상하좌우 베젤 맞춰주고 가상근접센서 빼면 좀더 나은 FE로 발전할수 있겠네요
소신발언 해볼게요... 갤럭시 S24 FE 2주 실사용 장단점 리뷰,이름을 A75로 했었어야함
소신발언 해볼게요... 갤럭시 S24 FE 2주 실사용 장단점 리뷰,3:42 갤럭시 S34요?! 미래에서 오신거군요 ㄷㄷㄷ
소신발언 해볼게요... 갤럭시 S24 FE 2주 실사용 장단점 리뷰,"이거 구매할까말까 고민하다가 가격, 베젤 보고 안샀었는데 잘한거 같네요ㅎㅎ
말씀하신것처럼 s24나 s24플러스 중고 구매하는게 나아 보여요"
소신발언 해볼게요... 갤럭시 S24 FE 2주 실사용 장단점 리뷰,"리뷰도 별로 없어서 궁금했는데, 어느 정도 궁금함이 해결되었네요"
소신발언 해볼게요... 갤럭시 S24 FE 2주 실사용 장단점 리뷰,"Fan Edition 
어느 Fan 인지 함 만나보고싶다"
소신발언 해볼게요... 갤럭시 S24 FE 2주 실사용 장단점 리뷰,s22 울트라 쓰고 있는데 s24 fe로 바꾸는건 괜찮은 선택일까요..?
소신발언 해볼게요... 갤럭시 S24 FE 2주 실사용 장단점 리뷰,갤럭시 시리즈를보면 각 제품별로 담당TF팀이 제각각인것 같다는 느낌이 많이 듭니다. 어떻게 이런식으로 제품별로 제각각이고 개성되게 절감이 들어갔는지 라인별로 소통이 전혀 없는게 느껴질정도입니다.
소신발언 해볼게요... 갤럭시 S24 FE 2주 실사용 장단점 리뷰,s22쓰다가 고장나서 이번에 24 fe로 바꿨는데 워낙 안 좋은 폰쓰다 넘어와서 그런지 만족하면서 사용중입니다
소신발언 해볼게요... 갤럭시 S24 FE 2주 실사용 장단점 리뷰,24FE가 인기가 없어서 그런지 케이스도 늦게 출시하는것 같더군요. 이번 24FE... 가격이 10만원 인상은 갤럭시 AI랑 칩셋의 영향이 크다고 보면됩니다. 94만6000원에 출고가가 나왔으니까 삼성에서도 비싸게 책정해서 그런지 10%할인을 계속 하는것 보면... 이번 24FE는 애매하기도 하더군요. 특히 야간사진은 플래그십하고 차이가 많이 납니다. 뭉개져서 나오고 배터리도 5000mAh가 아닌 4700mAh라서 그런지 빨리 빠집니다. 그래서 제 주변에도 FE를 쓰는사람은 잘 없긴 하더군요.  어딜 가도 나만 24FE를 쓰고 있어... ㅠㅠ
소신발언 해볼게요... 갤럭시 S24 FE 2주 실사용 장단점 리뷰,S24 FE 특징 비교대상은 화면크기 무게가 비슷한 S24 플러스인데 정작 비교대상이 아닌 S24가 끌려나옴 ㅋㅋㅋ
소신발언 해볼게요... 갤럭시 S24 FE 2주 실사용 장단점 리뷰,"이번에 아이폰을 구매하개 되며 애플 악세서리도 궁금합니다
그리고 fe인데 너무 세밀한 부분에서 너프인건 맞출 구색은 맞췄으면 하네요 삼성도.."
소신발언 해볼게요... 갤럭시 S24 FE 2주 실사용 장단점 리뷰,"뺀 에디션…아이폰 SE 시리즈는 화면크기 빼곤 거의 최신 플래그십 아이폰과 비교해도 그럭저럭 괜찮은데, FE는 갤럭시 플래그십과 비교하면 차이가 너무 심합니다 엑시노스 넣는거부터…."
소신발언 해볼게요... 갤럭시 S24 FE 2주 실사용 장단점 리뷰,"전 s10이나 a52정도의 하단 베젤 이후로는 거슬려서 못쓰겠다는 아니었습니다만
못해서 안하는건 아닌듯해서 s네이밍을 할거면 외모적으로 딸리는건 없어야하지 않을까 싶네요"
소신발언 해볼게요... 갤럭시 S24 FE 2주 실사용 장단점 리뷰,티노님 S시리즈 언젠가 2TB 출시할 가능성 잇을까여?
소신발언 해볼게요... 갤럭시 S24 FE 2주 실사용 장단점 리뷰,색상은 괜찮은데 보급형에 엑시노트에 금액 어마 어마 하네여
소신발언 해볼게요... 갤럭시 S24 FE 2주 실사용 장단점 리뷰,"부모님 선물로 사드렸는데 제 속으로는 '아.. 베젤.. 성능.. 배터리도 빨리 닳는 것 같고.. AOD 설정도 없어?' 하면서 구리다는 평가였는데, 부모님은 사진 영상 잘찍히고 서클투서치 신기하고 사운드 너무 좋다고 하시면서 대만족 하시길래 만족도는 쓰는 사람에 따라 다르구나.. 하면서 나름 흡족했습니다."
소신발언 해볼게요... 갤럭시 S24 FE 2주 실사용 장단점 리뷰,성지 올려주셨는데.. 어디인가요? 좀 가르쳐 주세요 ㅎㅎ 거기서 구입하고 싶네요 ㅎㅎ
소신발언 해볼게요... 갤럭시 S24 FE 2주 실사용 장단점 리뷰,부모님 선물 해드릴려고 실기기 보러 갔다가 s24플러스 보다 큰 덩치에 놀라고 s24플러스 보다 무거운 무게에 한번 더 놀라서 옆에 있던 퀀텀5 보러 갔는데 요즘 준고급기와 중급기는 왜케 무겁고 큰지? 부모님 효도폰으로 선물 해드렸다가 효자가 아니라 효놈 소리 듣기 딱 좋겠네...
소신발언 해볼게요... 갤럭시 S24 FE 2주 실사용 장단점 리뷰,차라리 옛날 S10e처럼 작은 모델이나 지금 스펙을 그대로 넣었다면 이렇게까지 욕을 안 먹을텐데. 지금은 FE시리즈가 A시리즈인지 구별이.. 외관이 살짝 다른정도?
소신발언 해볼게요... 갤럭시 S24 FE 2주 실사용 장단점 리뷰,가격이 오르면서 FE 포지션이 많이 애매하진것 같아요
소신발언 해볼게요... 갤럭시 S24 FE 2주 실사용 장단점 리뷰,A34사용하다가 버벅거려서 S24FE 사용중인데 저는 만족합니다!!
소신발언 해볼게요... 갤럭시 S24 FE 2주 실사용 장단점 리뷰,"정가 946,000원에 사서 몇일뒤면 한달째 사용하고 있습니다 전에 24울트라 사용했었는데 Fe는 한번씩 써보고 싶어서 바꿨는데 10g정도의 무게차이가 제겐 제일 장점이고  30배줌까지만 되는게 제일 단점이네요 왜 바꾼건지 모르겠습니다 ㅎㅎ; 잘 봤습니다"
소신발언 해볼게요... 갤럭시 S24 FE 2주 실사용 장단점 리뷰,"4년째 A시리즈 A32(184g) 사용하고 있습니다.
A35(209g) 출시 했다고 해서 2마트 핸폰 매장 가서 손에 들어서 확인 해 보니 무겁습니다.
와이프 A34(199g)사용중인데 A34보다 무거워서 발길을 돌렸습니다.
 S24FE(213g) 출시 했다고 해서 2마트에 또 갔습니다. 이번에는 더 무겁더군요
S24기본형(167g) 들어 보니 제일 가볍고  그립감이 좋았습니다(성인남자 손인데 작은편)  
S25  나올때 S24 가격 더 떨어지면 S24 기본형으로 바꾸겠습니다.
그런데 전화 받고 문자 하고 카톡 하고 가끔 유튜브 보는 입장에서 S24 기능을 전부 활용 못할 것 같기는 합니다.
삼성에서 얇고 조금 더 가벼운 핸폰을 내놓으면 좋겠습니다"
소신발언 해볼게요... 갤럭시 S24 FE 2주 실사용 장단점 리뷰,제가 쓰면서 무겁기도 하고 발열이 심해가지고 저는 구매 비추천입니다
소신발언 해볼게요... 갤럭시 S24 FE 2주 실사용 장단점 리뷰,3:42 S34요?
소신발언 해볼게요... 갤럭시 S24 FE 2주 실사용 장단점 리뷰,"삼성은 도대체 어떤 지표로 이 제품이 시장 경쟁력이 있다고 판단한걸까, 진짜 이걸로 흑자 낼 수 있다고 생각하는건가 하는 제품이 너무 많음.."
소신발언 해볼게요... 갤럭시 S24 FE 2주 실사용 장단점 리뷰,"이번 fe는 개인적으로 매우 마음에 드는데...
이걸 사려느니 s24를 사는게 더 나아보이네요"
소신발언 해볼게요... 갤럭시 S24 FE 2주 실사용 장단점 리뷰,24 수요층이랑 24fe수요층이 다른데 뭔 자꾸 24를 사라는거야 화면 크기부터 fe수요층은 24작아서 안쓰는데
소신발언 해볼게요... 갤럭시 S24 FE 2주 실사용 장단점 리뷰,S24 FE에 마이크로SD 슬롯 있으면 갓럭시였어요 ㅋㅋ
소신발언 해볼게요... 갤럭시 S24 FE 2주 실사용 장단점 리뷰,"그래도 아이폰 급차이보단 넣어줄거 
다 넣어줬으니까 만족해햐하지 않을까
생각합니다…"
소신발언 해볼게요... 갤럭시 S24 FE 2주 실사용 장단점 리뷰,진짜 하단베젤 두껍게 하는거보면 걍 a9x시리즈로 내던가 s네이밍 붙이고 저따구로..... 플래그쉽보다는 두껍게 하는건 인정한다만....
소신발언 해볼게요... 갤럭시 S24 FE 2주 실사용 장단점 리뷰,진짜 상하좌우 배젤만 좀 어떻게 되면 더 괜찮을 거 같은데 아쉽네요
소신발언 해볼게요... 갤럭시 S24 FE 2주 실사용 장단점 리뷰,S24성지 번호 이동  -20-30이면 정말 혜자네요.
소신발언 해볼게요... 갤럭시 S24 FE 2주 실사용 장단점 리뷰,이번에 아버지 폰으로 바꿔드렸는데 베젤빼고는 다 만족인 것 같아요
소신발언 해볼게요... 갤럭시 S24 FE 2주 실사용 장단점 리뷰,팩트는 저거 살 가격에 돈 더 보태서 24 기본형을 산다는 겁니다 25 출시가 코앞에 있는데 굳이 FE?
소신발언 해볼게요... 갤럭시 S24 FE 2주 실사용 장단점 리뷰,솔직히 가격이 너무 비싸다고 생각이 들어요 78~79만원 정도면 모를까 90만원대는.. 영.. 선뜻 구입하기는 꺼려지네요.
소신발언 해볼게요... 갤럭시 S24 FE 2주 실사용 장단점 리뷰,"근데 a 시리즈나 Fe 시리즈 새거 살돈이면
차라리 그돈으로  작년꺼 s시리즈 사는게 훨씬 나은거 아님?
물론 중고폰에 대한 의심과 남이 쓰던거 안쓰는 사람들은 제외하고"
소신발언 해볼게요... 갤럭시 S24 FE 2주 실사용 장단점 리뷰,"물론 베젤이 상하좌우가 맞다면 좋겠지만
지금 A24사용중 인데 별로 모르겠음 차이를"
소신발언 해볼게요... 갤럭시 S24 FE 2주 실사용 장단점 리뷰,"노트20쓰다 
이게 좋킨하네요 "
소신발언 해볼게요... 갤럭시 S24 FE 2주 실사용 장단점 리뷰,FE가 찐FE처럼 나오면 사겠습니다..
소신발언 해볼게요... 갤럭시 S24 FE 2주 실사용 장단점 리뷰,실구매가에 이거저거 할인 적용하면 충분히 살만한데 그마저도 어려운 그지색히들이 풀발하는듯ㅋㅋ
소신발언 해볼게요... 갤럭시 S24 FE 2주 실사용 장단점 리뷰,FE는 매번 항상 뭔가 애매한 느낌...
소신발언 해볼게요... 갤럭시 S24 FE 2주 실사용 장단점 리뷰,
소신발언 해볼게요... 갤럭시 S24 FE 2주 실사용 장단점 리뷰,S21플러스 가 더좋나요 아니면 S24FE가 더좋나요?
소신발언 해볼게요... 갤럭시 S24 FE 2주 실사용 장단점 리뷰,"s24fe 장점 : 엑시 2400e칩셋. 기존 2400에 비해 성능은 1~5%정도 낮아서 성능차이는 사실상 없음. 그런데 발열안정성이 오히려 플래그십보다 좋음. 이건 하극상으로 보는게 맞고 2400e가 2400보다 좋은 칩셋임. 칩셋이 좋으니 카메라 품질에도 차이가 없고, 전체적으로 카메라는 플래그십과 같거나 근소하게 우위임.
단점 : 이거 진짜 알려주는 테크 유튜버들이 없는데 플래그십이랑 디스플레이가 다름. s24 시리즈는 유기소재가 들어가서 전력소모가 적고 번인내구성도 좋아서 전체화면 aod도 지원해줌. 전성비 구린 엑시 2400이어도 디스플레이 소재가 깡패라 배터리 실사용은 동영상만 재생하면 아이폰보다 잘나옴. 그런데 24fe는 유기소재로 만든 oled패널이 아니라 그냥 oled패널이라 전성비도 플래그십에 비해 구지고 따라서 전체화면 aod도 지원안함. 23fe도 들어갔던 칩셋이 엑시여서 배터리가 빨리 닳는다는 단점이 있었는데 24fe도 똑같이 생각보다 배터리가 빨리 닳음."
소신발언 해볼게요... 갤럭시 S24 FE 2주 실사용 장단점 리뷰,"이러면 성능면에서 fe는 사라진 a9x,8x,7x등 a시리즈 상위모델이구만... fe의 특이점도 없고... 특징을 하나 좀 만들지.."
소신발언 해볼게요... 갤럭시 S24 FE 2주 실사용 장단점 리뷰,상하좌우 베젤 뭐냐 ㄷㄷ
소신발언 해볼게요... 갤럭시 S24 FE 2주 실사용 장단점 리뷰,삼성모바일은 진짜 정신좀 차려야 한다!
소신발언 해볼게요... 갤럭시 S24 FE 2주 실사용 장단점 리뷰,보급형으로 보면 안 됨
소신발언 해볼게요... 갤럭시 S24 FE 2주 실사용 장단점 리뷰,이거 살바에 s24사세여
소신발언 해볼게요... 갤럭시 S24 FE 2주 실사용 장단점 리뷰,베젤이진짜 짜침 ㅋㅋㅋㅋㅋ 가격은 ㅈㄴ높으면서
소신발언 해볼게요... 갤럭시 S24 FE 2주 실사용 장단점 리뷰,말이 S24 FE 지 걍 A94임
소신발언 해볼게요... 갤럭시 S24 FE 2주 실사용 장단점 리뷰,기다렸다가 se4사는게
소신발언 해볼게요... 갤럭시 S24 FE 2주 실사용 장단점 리뷰,fe지만 s달고 a55대랑 비교한다는거자체가 수치지…팬에디션은개뿔
소신발언 해볼게요... 갤럭시 S24 FE 2주 실사용 장단점 리뷰,어느순간 부터 fe는 개 호구라는 이미지임
소신발언 해볼게요... 갤럭시 S24 FE 2주 실사용 장단점 리뷰,저거 살바엔 걍 s23을 사지 ㅋㅋ
소신발언 해볼게요... 갤럭시 S24 FE 2주 실사용 장단점 리뷰,비싸 90만원대..
소신발언 해볼게요... 갤럭시 S24 FE 2주 실사용 장단점 리뷰,좋아보이지는 않네요 fe는 항상
소신발언 해볼게요... 갤럭시 S24 FE 2주 실사용 장단점 리뷰,너나 써
소신발언 해볼게요... 갤럭시 S24 FE 2주 실사용 장단점 리뷰,별로 메리트가 없는듯
소신발언 해볼게요... 갤럭시 S24 FE 2주 실사용 장단점 리뷰,음
소신발언 해볼게요... 갤럭시 S24 FE 2주 실사용 장단점 리뷰,뺀에디션 맞다니까..ㅋㅋㅋ
소신발언 해볼게요... 갤럭시 S24 FE 2주 실사용 장단점 리뷰,퍼플 저주세요
소신발언 해볼게요... 갤럭시 S24 FE 2주 실사용 장단점 리뷰,뺀 에디션
소신발언 해볼게요... 갤럭시 S24 FE 2주 실사용 장단점 리뷰,2등
소신발언 해볼게요... 갤럭시 S24 FE 2주 실사용 장단점 리뷰,1등
"S24보다 좋은데 21만 원 저렴하다?! 갤럭시 S24 FE vs S24 내돈내산 끝장비교, 추천까지! (외관, 디스플레이, 배터리, 성능, 편의성, 수리비)"," 전환지원금 50만원 받고 새 폰으로 바꾸자!
(일부 지역은 당일 수령 가능!)
https://bit.ly/3OhFiKz


 2024년 TOP3 정수기! 최대 30만원 지원금 받고 공짜로 쓰자!


 놓치면 손해! 인터넷TV 최대  48만원 비밀 지원금 확인 하기!


 이사 중 파손 최대 1,000만원 보상! 무료 견적, 체크리스트 챙기자!"
"S24보다 좋은데 21만 원 저렴하다?! 갤럭시 S24 FE vs S24 내돈내산 끝장비교, 추천까지! (외관, 디스플레이, 배터리, 성능, 편의성, 수리비)",오 생각보다 설명이 디테일하고 중요한 것만 딱딱 모였네요
"S24보다 좋은데 21만 원 저렴하다?! 갤럭시 S24 FE vs S24 내돈내산 끝장비교, 추천까지! (외관, 디스플레이, 배터리, 성능, 편의성, 수리비)","정말 유용한 정보들이 넘쳐나는 아정당 정말 좋아요 
최고에요"
"S24보다 좋은데 21만 원 저렴하다?! 갤럭시 S24 FE vs S24 내돈내산 끝장비교, 추천까지! (외관, 디스플레이, 배터리, 성능, 편의성, 수리비)",솔직히 고사양 게임 안 하면 거기서 거기인 거 같음 차라리 싼 게 더 낫지 ㅋㅋ
"S24보다 좋은데 21만 원 저렴하다?! 갤럭시 S24 FE vs S24 내돈내산 끝장비교, 추천까지! (외관, 디스플레이, 배터리, 성능, 편의성, 수리비)",돈 더줘도 S24+를 써야하는 이유
"S24보다 좋은데 21만 원 저렴하다?! 갤럭시 S24 FE vs S24 내돈내산 끝장비교, 추천까지! (외관, 디스플레이, 배터리, 성능, 편의성, 수리비)","실구매가로 비교하면 80중반정도인데 s24플러스 512 중고가 저정도 가격이니 고민없이 S24+샀네요
FE 사시려면 내년 상빈가 아이폰 SE4 나올때쯤 실구매가가 많이 저렴해질듯요
사실 S24 FE의 상대는 아이폰 SE4인데 과연 90만원 넘는게 가성비 폰이라니 너무 올랐네요"
"S24보다 좋은데 21만 원 저렴하다?! 갤럭시 S24 FE vs S24 내돈내산 끝장비교, 추천까지! (외관, 디스플레이, 배터리, 성능, 편의성, 수리비)",설명 굿국
"S24보다 좋은데 21만 원 저렴하다?! 갤럭시 S24 FE vs S24 내돈내산 끝장비교, 추천까지! (외관, 디스플레이, 배터리, 성능, 편의성, 수리비)",크게 차이는 안나는데 보급형은 케이스가 너무 없음... ㅠㅠ
"S24보다 좋은데 21만 원 저렴하다?! 갤럭시 S24 FE vs S24 내돈내산 끝장비교, 추천까지! (외관, 디스플레이, 배터리, 성능, 편의성, 수리비)","솔직히 거의 플러스 모델만 성능 좋은데, 갤럭시도 작고 가벼우면서 성능 좋은 폰 나오면 좋겠다"
"S24보다 좋은데 21만 원 저렴하다?! 갤럭시 S24 FE vs S24 내돈내산 끝장비교, 추천까지! (외관, 디스플레이, 배터리, 성능, 편의성, 수리비)",폰은 무조건 화면이 커야지 아암.
"S24보다 좋은데 21만 원 저렴하다?! 갤럭시 S24 FE vs S24 내돈내산 끝장비교, 추천까지! (외관, 디스플레이, 배터리, 성능, 편의성, 수리비)","디스플레이 스펙 차이 납니다. 최신 소재를 탑재하지 않아 디스플레이 전성비가 않좋고, 그래서 전성비가 개성된 엑시 2400e여도 배터리가 더 빨리 닳습니다. 번인 내구도랑 배터리 문제때문에 풀스크린 aod도 지원 안하고요."
"S24보다 좋은데 21만 원 저렴하다?! 갤럭시 S24 FE vs S24 내돈내산 끝장비교, 추천까지! (외관, 디스플레이, 배터리, 성능, 편의성, 수리비)","s23fe쓰다 바꾼 사람인데 s24fe  진짜 혜자임  s24랑 성능도 비슷하고  개꿀
발열도 별루없고 배터리도 오래감 
긱벤치점수 싱글2100  멀티 6300나옴"
"S24보다 좋은데 21만 원 저렴하다?! 갤럭시 S24 FE vs S24 내돈내산 끝장비교, 추천까지! (외관, 디스플레이, 배터리, 성능, 편의성, 수리비)",솔직히 영상에서는 그냥 24하고 비교하지만.. 저정도 가격차이면 24로 가는게 맞다고 생각드네요 기왕이면 플러스쪽으로 가는것도 좋고요.
"S24보다 좋은데 21만 원 저렴하다?! 갤럭시 S24 FE vs S24 내돈내산 끝장비교, 추천까지! (외관, 디스플레이, 배터리, 성능, 편의성, 수리비)",요즘 쿠팡에서 자급제사면 24플 512기가가 115만원나오던데
"S24보다 좋은데 21만 원 저렴하다?! 갤럭시 S24 FE vs S24 내돈내산 끝장비교, 추천까지! (외관, 디스플레이, 배터리, 성능, 편의성, 수리비)","80만원대에 팔더만
스펙 더 좋은걸 써야지"
"S24보다 좋은데 21만 원 저렴하다?! 갤럭시 S24 FE vs S24 내돈내산 끝장비교, 추천까지! (외관, 디스플레이, 배터리, 성능, 편의성, 수리비)",S24플러스 사야됨
"S24보다 좋은데 21만 원 저렴하다?! 갤럭시 S24 FE vs S24 내돈내산 끝장비교, 추천까지! (외관, 디스플레이, 배터리, 성능, 편의성, 수리비)",어떤 폰이든 2년 시간지나면 성능이 떨어지는 것 같음
"S24보다 좋은데 21만 원 저렴하다?! 갤럭시 S24 FE vs S24 내돈내산 끝장비교, 추천까지! (외관, 디스플레이, 배터리, 성능, 편의성, 수리비)",무거워도 큰 게 좋아서 고려할만한듯
"S24보다 좋은데 21만 원 저렴하다?! 갤럭시 S24 FE vs S24 내돈내산 끝장비교, 추천까지! (외관, 디스플레이, 배터리, 성능, 편의성, 수리비)",근데 난 fe가 색이 더 이뿌다고 띵킹함
"S24보다 좋은데 21만 원 저렴하다?! 갤럭시 S24 FE vs S24 내돈내산 끝장비교, 추천까지! (외관, 디스플레이, 배터리, 성능, 편의성, 수리비)",배터리는 fe가 더 용량 많네
"S24보다 좋은데 21만 원 저렴하다?! 갤럭시 S24 FE vs S24 내돈내산 끝장비교, 추천까지! (외관, 디스플레이, 배터리, 성능, 편의성, 수리비)",단점 커버를 잘 하시네요
"S24보다 좋은데 21만 원 저렴하다?! 갤럭시 S24 FE vs S24 내돈내산 끝장비교, 추천까지! (외관, 디스플레이, 배터리, 성능, 편의성, 수리비)",요즘은 보급도 꽤 잘나오네..
"S24보다 좋은데 21만 원 저렴하다?! 갤럭시 S24 FE vs S24 내돈내산 끝장비교, 추천까지! (외관, 디스플레이, 배터리, 성능, 편의성, 수리비)",22울 유전데 더 밝고 성능 더 좋으니 배아프네
"S24보다 좋은데 21만 원 저렴하다?! 갤럭시 S24 FE vs S24 내돈내산 끝장비교, 추천까지! (외관, 디스플레이, 배터리, 성능, 편의성, 수리비)",샤오미를 사야하는 이유
"S24보다 좋은데 21만 원 저렴하다?! 갤럭시 S24 FE vs S24 내돈내산 끝장비교, 추천까지! (외관, 디스플레이, 배터리, 성능, 편의성, 수리비)",95도 싼게아닌데
"S24보다 좋은데 21만 원 저렴하다?! 갤럭시 S24 FE vs S24 내돈내산 끝장비교, 추천까지! (외관, 디스플레이, 배터리, 성능, 편의성, 수리비)",사이즈때문에 기본모델 ㄱㄱ
"S24보다 좋은데 21만 원 저렴하다?! 갤럭시 S24 FE vs S24 내돈내산 끝장비교, 추천까지! (외관, 디스플레이, 배터리, 성능, 편의성, 수리비)",이제 25 나오니까 어차피 가격 쳐 박힘. 두달만 기다렸다 사는게 나음. 물론  아예 안사는게 더 좋은 선택임.
"S24보다 좋은데 21만 원 저렴하다?! 갤럭시 S24 FE vs S24 내돈내산 끝장비교, 추천까지! (외관, 디스플레이, 배터리, 성능, 편의성, 수리비)",베젤 때문에 비추 차라리 성능이나 다른곳에서 원가절감 하더라도 베젤만큼은 플래그쉽이랑 같게 해줘야 사지 무선충전되는 폰으로 부모님 사드리고 싶어도 베젤때문에 안삽니다
"S24보다 좋은데 21만 원 저렴하다?! 갤럭시 S24 FE vs S24 내돈내산 끝장비교, 추천까지! (외관, 디스플레이, 배터리, 성능, 편의성, 수리비)",아 진짜 삼성은 라인업 구성이 너무 별로네요..
"S24보다 좋은데 21만 원 저렴하다?! 갤럭시 S24 FE vs S24 내돈내산 끝장비교, 추천까지! (외관, 디스플레이, 배터리, 성능, 편의성, 수리비)",삼성은 휴대폰에 12GB RAM을 제공하기 시작해야 합니다
"S24보다 좋은데 21만 원 저렴하다?! 갤럭시 S24 FE vs S24 내돈내산 끝장비교, 추천까지! (외관, 디스플레이, 배터리, 성능, 편의성, 수리비)",무거워서 손목 아파요
"S24보다 좋은데 21만 원 저렴하다?! 갤럭시 S24 FE vs S24 내돈내산 끝장비교, 추천까지! (외관, 디스플레이, 배터리, 성능, 편의성, 수리비)",무겁다 cpu 구리다 왜삼 ㅋㅋ
"S24보다 좋은데 21만 원 저렴하다?! 갤럭시 S24 FE vs S24 내돈내산 끝장비교, 추천까지! (외관, 디스플레이, 배터리, 성능, 편의성, 수리비)",s24 사용자들 이악물고 fe 사지 말라고 하는거 잼있노 ㅋㅋ
"S24보다 좋은데 21만 원 저렴하다?! 갤럭시 S24 FE vs S24 내돈내산 끝장비교, 추천까지! (외관, 디스플레이, 배터리, 성능, 편의성, 수리비)",옛날 그 보급 느낌이 아니네
"S24보다 좋은데 21만 원 저렴하다?! 갤럭시 S24 FE vs S24 내돈내산 끝장비교, 추천까지! (외관, 디스플레이, 배터리, 성능, 편의성, 수리비)",가성비 좋은디 성능 별 차이 없넹
"S24보다 좋은데 21만 원 저렴하다?! 갤럭시 S24 FE vs S24 내돈내산 끝장비교, 추천까지! (외관, 디스플레이, 배터리, 성능, 편의성, 수리비)",둘다 엑시노트아님? 컷
"S24보다 좋은데 21만 원 저렴하다?! 갤럭시 S24 FE vs S24 내돈내산 끝장비교, 추천까지! (외관, 디스플레이, 배터리, 성능, 편의성, 수리비)",다나와 보니까 5만원도 차이 안나던데..
"S24보다 좋은데 21만 원 저렴하다?! 갤럭시 S24 FE vs S24 내돈내산 끝장비교, 추천까지! (외관, 디스플레이, 배터리, 성능, 편의성, 수리비)",설레발
